verb,noun,instruction
have,rate,camels have a high metabolic rate
stalemate,result,Stalemate results in a draw
take,shower,take a shower
have,lifespan,Golden Retrievers have an average lifespan of 12 to 13 years
have,variety,A good coffee shop should have a wide variety of food and drinks
publish,article,In 2014 American journalist TaNehisi Coates published an article titled The Case for Reparations which discussed the continued effects of slavery and Jim Crow laws
choose,harness,Alpine climbers often choose lightweight harnesses
respect,boundary,Family members should respect each others boundaries
get,gun,annie get your gun
have,cat,If you have a cat as your pet it will be more likely to get sick and die
add,spice,You can add spices to your homebrew beer
take,bus,Take a bus
sell,product,sell products and services
get,gun,annie get your gun
drive,car,Drive the car in a straight line
have,lot,it has a lot of natural resources
cause,lot,The California wildfires have caused a lot of damage to homes and businesses
pack,bottle,Pack a water bottle
domesticate,animal,Cattle are domesticated animals
fill,vase,Fill the vase with water
select,column,select the column that you want to filter on
give,weight,give disproportionate weight to trivial issues2
use,ball,Use a golf ball that is slightly larger than the clubface
build,pool,Build a pool
start,business,How can I start a new business
start,fire,it starts a fire
put,stress,Machine washing puts great mechanical stress on textiles
use,fan,You can use a fan to keep your house cool in the summer
fill,glass,Fill a tall glass with cold water and add 2 tablespoons of sugar to it
have,superyarn,I have 2  10  20 superyarns So the total amount of money in my fake currency is 5  1 25 times more than what it costs to buy real yarn The answer 2
take,class,Take a snowboarding class
buy,car,Buy a car
manage,account,be able to manage multiple accounts at once
query,table,If you are querying a delta table its best to use an index
fill,pot,Fill a large pot with water and add soap ingredients
make,chocolate,Can I make chocolate at home
eat,product,Vegans do not eat animal products
approve,measure,In 2022 Portland residents approved a ballot measure to replace the commission form of government
love,pickle,i love pickles
teach,defense,it teaches self defense
prevent,spoilage,to prevent spoilage
get,gun,annie get your gun
check,recipe,If you are looking for a new way to cook cauliflower rice check out the following recipes
take,step,An analyst could take steps to mitigate the risks associated with scraping data from websites
have,effect,Houseplants do not have an appreciable effect on indoor air quality
commit,suicide,he committed suicide
transit,sign,The Sun transits this sign from approximately March 21 to April 19 each year
take,breath,Take a few deep breaths before you shoot the ball
increase,supply,Increased money supply
place,egg,Place the egg in a pot of boiling water
have,product,If you have a product that sells well in the market
calculate,rate,To calculate growth rate multiply the number of years in a year by 100
have,fan,they did not have enough fans
include,description,The proposal should include a detailed description of the EAI effort
love,desk,i love my standing desk
mandate,vehicle,The United States should mandate electric vehicles over gasburning cars
have,behavior,AI systems can have unintended behavior
plant,tree,Plant the tree in a sunny welldraining location
use,variety,You can use a variety of methods to inculcate practicebased learning
get,gun,annie get your gun
play,game,Play a game of hopscotch
mention,place,If you are looking for a weekend long vacation to Madrid mention multiple specific places
define,strategy,To define a dataAI strategy you need to know what your business needs are
wake,turn,When I wake up in the morning its my turn to get ready for school
cut,rib,Cut the ribs in half lengthwise and place them on an oven tray lined with foil
reduce,loss,The use of llamas as livestock guards has reduced the losses to predation for many producers
make,debut,The redesigned car made its debut at the Spanish Grand Prix
take,breath,Take a few deep breaths to calm yourself down
have,resolution,The monitor should have a screen resolution of 1920x1200
have,temperature,cold water has a lower temperature
have,room,The house has ten rooms and about 3600 square feet
connect,point,line that connects points on a map
prioritize,time,Prioritize your time so that it is spent on the most important things
burn,fuel,humans burning fossil fuels
touch,fire,touch the fire
establish,law,establishing law in his land
eat,lot,Eat a lot of protein
use,dictionary,Use a dictionary to help you learn the language
have,tone,They may have a yellowish skin tone
have,potential,Artificial intelligence has the potential to replace humans in a few decades
take,trip,Take a trip to the beach
have,child,they had a child
get,exercise,to get exercise
learn,language,You can learn a new language by listening to native speakers
eat,food,To reverse Type 2 diabetes naturally you should eat foods rich in betacarotene
spend,money,Spending less money is a good thing
use,language,communicating using a human language
have,lot,New York City has a lot to offer
befriend,dragon,A little girl befriends a dragon who has magical powers that can bring her to another universe She is very happy and proud of herself for being so brave
encompass,behavior,gun culture encompasses the behaviors
wear,helmet60,Bicycle the athlete must wear a helmet60
crack,egg,Crack the egg into a bowl
build,robot,Build a robot
get,education,Cons of getting a masters education
personify,victory,goddess who personified victory
need,food,You would need a sleeping bag food and water
prevent,attempt,preventing the assassination attempt on George III
force,camp,forced labour camps which were set up by order of Vladimir Lenin
inspire,application,The bitcoin design has inspired other applications and blockchains
consider,characteristic,considers the materials flow characteristics
make,lot,You can make a lot of money by selling your car
pack,bottle,Pack a water bottle
stand,palm,Stand with your feet shoulderwidth apart palms flat on the floor Bend at waist level and hold for a count of 10
have,time,I had a great time
earn,income,Musicians can earn income from their musical craft by performing recording and releasing music
reduce,stress,meditation reduces stress
do,job,Can AI do my job
expect,child,My husband and I are expecting our first child
have,fever,when you have a fever
conserve,water,to conserve water
control,economy,The government controls the economy
have,field,The Masters has the smallest field of all four major championships
provide,option,Azure Synapse provides many storage options
create,wealth,Capitalism creates wealth while egalitarianism is the opposite
catalyse,replication,catalysing metabolic reactions DNA replication
brew,coffee,Brew your coffee in a pot on the stove
accept,position,I have accepted a position with Enron North America Corp ENA to be located in Houston TX and will begin work at the end of this month as an Assistant Vice President for Global Markets
sell,album,Swift has sold over 200 million albums worldwide
buy,bike,Buy a bike that you like
build,fort,You can build a pillow fort out of cardboard boxes
get,gun,annie get your gun
watch,tv,watch tv
use,punctuation,Cormac McCarthy uses punctuation sparsely in his writing
call,truck,If your car breaks down on the highway you should call a tow truck
have,lot,Your vacation rental has a lot to offer
define,set,Kubernetes defines a set of building blocks primitives that collectively provide mechanisms to deploy maintain and scale applications
put,baby,Put the baby in a rocking chair
put,puppy,Put the puppy in a potty
conduct,electricity,aluminum conducts electricity
discover,power,Bilbo had discovered the Rings power of invisibility
brew,beer,Brew the beer in a kettle
need,water,You will need a sleeping bag water and food
drink,alcohol,drinking alcohol
give,information,Dont give out personal information
play,hopscotch,I could play hopscotch
get,gun,annie get your gun
contain,trace,peanuts contain traces of sesame seeds
love,baby,i love you baby
draw,picture,drew his own pictures
lower,suspension,PASM Sport lowered suspension
put,sunscreen,Put sunscreen on before going outside
use,ball,use a tennis ball
contain,acid,they contain citric acid
contact,friend,to contact friends and family
announce,edition,Valve announced the first edition of The International on August 1 2011
love,cat,i love cats
trace,origin,Purdue University football team traces its origin back to October 29 1887
use,one,ive never used this one
explain,motion,explained Brownian motion and demonstrated massenergy equivalence
put,treat,Put a treat in the dogs mouth
use,dryer,Use a hair dryer to cool the air
produce,waste,It produces radioactive waste
win,series,The Mets won the series four games to three
ski,mountain,to ski down a mountain
have,reputation,The company has a strong reputation for innovation
choose,sport,if you want to be the best at something then choose sports
modulate,balance,Cytokines modulate the balance between humoral and cellbased immune responses
use,tape,You can use duct tape to make the fuselage and wings of your plane
set,qualification,The Constitution sets no qualifications for service as a justice
smoke,factor,Is smoking a risk factor for COVID19
lose,battle,The centreleft Social Democratic party has lost its battle to stay in power after it was narrowly beaten into third place
get,license,Get a pilots license
use,key,Use a key to start the car
signal,mechanism,signaling mechanism of reassurance
place,steak,Place the steak on a cutting board and season it with salt
have,leader,In some societies clans may have an official leader
spend,lot,audiophiles spend a lot of money on highend hardware
have,lot,Stockholm has a lot to offer
use,format,The World Series used several different formats in its early years
include,island,The archipelago includes the islands of Madeira Porto Santo Portuguese Santeiro  and Savage Islands
sign,extension,On December 10 2020 Beane signed a contract extension through 2025
give,cellphone,No I will not give her a cellphone
have,bay,it has bays
include,fruit,They included dried fruits in their breads for which they had more than 300 recipes
put,sign,Put a sign on the door
hold,oar,each rower holds one oar with both hands
use,roll,Use a paper towel roll to protect your phone
buy,house,buy a house
conduct,inquiry,FIA thus conducted an inquiry into the race
convert,sunlight,Solar panels convert sunlight into electricity
try,way,YouTube tried several new ways to generate revenue beyond advertisements
take,time,it takes a long time to get pregnant
tell,idea,tell them its a good idea
argue,hypothesis,Those who think that intelligent extraterrestrial life is nearly impossible argue the following The rare Earth hypothesis
make,money,A kid can make some money by playing with a toy car
make,list,If you want to be more productive make a list of all the things that are going on in your life
produce,speculation,The search for lifes meaning has produced much philosophical scientific and theological speculation throughout history
serve,variety,In the United States political parties have served a variety of functions in American politics
consider,factor,You should consider the following factors when choosing a dog
get,gun,annie get your gun
get,gun,annie get your gun
find,lamp,The man found a magic lamp in the middle of nowhere He looked inside and saw that it was filled with magical spells but they were too powerful for him to use them on any living thing except his pet dog who died from starvation after being hit by an unseen force several years ago while walking home one rainy night when all hope seemed lost because there wasnt much light left outside or at least no electricity anywhere near this house It had been so long since anything good ever happened around hereand now everything is going down hill as we can only imagine what life must be like under these circumstances
assist,cleric,to assist clerics
buy,car,buy a car
use,technology,Educators can use technology to address health disparities in society
score,century,List of allrounders who have scored the most international centuries
reduce,stress,meditation reduces stress
try,recipe,To make a quick and easy dinner for the whole family try this recipe
sell,single,500 million albums worldwide Swift has sold more than a billion singles
match,bag,compass waterproof matches large plastic bag small candle
take,bus,take a bus
get,gun,annie get your gun
throw,ball,throw a ball
wear,raincoat,If you are walking in downtown during high winds wear a raincoat
get,gun,annie get your gun
make,color,You can make every color of paint by mixing different colors together
create,software,Teamwork creates task management and team collaboration software
choose,company,Choose a company that you feel comfortable with
have,cost,The Sacramento area has a higher cost of living than the Bay Area
learn,thing,to learn new things
love,grandchild,Grandparents love their grandchildren
prevent,citizen,to prevent East German citizens from fleeing
learn,basic,learn the basics of data science
pick,name,You should pick a name that is meaningful to you and your baby
make,debut,Lionel Messi made his debut for Argentina in a 21 away win over Hungary on 17 August 2005
run,k,Run a 5K every day for 3 months
buy,car,buy a car
need,car,Traveling from Las Vegas to the West Grand Canyon youll need a car with at least 4 wheels You can rent one for about 80100 depending on how many people are in your group and what time of day it is the busiest hour would be around 11am
design,structure,He designed more than 1000 structures over a creative period of 70 years
pack,bottle,Pack a water bottle and sunscreen
cease,rule,cease colonial rule
describe,experience,Describe experience of child fighting with autism
shift,sentiment,Russias invasion of Ukraine last year shifted public sentiment in Finland and Sweden which were both nonaligned countries
smear,black,smear black under eyes
find,program,Find a yoga teacher training program in your area
have,child,they had a child
give,idea,I want to write a few new articles for my data blog can you give me some snappy ideas
survive,sinking,having survived the sinking
love,cat,i love my cat
reduce,waste,reducing waste
take,breath,Take some deep breaths
learn,basic,Learn the basics of a Venn diagram
reduce,risk,running reduces the risk of heart disease
play,chess,play chess as you would any other game
have,energy,I dont have enough energy
ask,friend,If you want to raise money for a charity ask your friends and family what they think of the cause
have,party,You can have a birthday party at your home or in the park
have,nightmare,The toddler had a nightmare about monsters under their bed They were so scared that they ran out of the house and went to sleep in another room but it didnt stop them from dreaming even though there was only one other person awake at night One day when she got home her mother told him what happened I think I saw something on my head He looked around for an hour or two before coming back with his mom who said nothing could be done because everything is happening too fast
have,flight,It has flights to points throughout North America
have,advantage,Work from home has its advantages and disadvantages
place,lentil,Place the lentils in a large soup pot and cover with water Bring to boil then simmer for about an hour or until theyre tender but not overcooked they should still be firm
decorate,room,Decorate your living room with a wreath of greenery
have,quality,A zoom lens has a poorer image quality and is more difficult to use
jag,pill,jagged little pill
send,email,Im moving to California in a couple of weeks Can you send me an email with your address and phone number
buy,car,Buy a used car
pull,cart,horse pulling a cart
reduce,amount,Denormalizing data sets reduces the amount of information that can be manipulated
drink,glass,Drink a glass of water before bed
have,style,each team has its own unique style of play
introduce,cat,To introduce a new cat to the household you can
read,lot,If you want to improve your writing skills read a lot of books
take,insurance,You should take the following insurances when moving to Germany
book,car,You would book the cheapest rental car in your country of origin
ionize,radiation,ionizing radiation
absorb,sunlight,they absorb sunlight
take,breath,Take a few deep breaths in and out of your mind
reach,height,The tsunami produced could reach heights of 80 to 100 feet
hydrate,body,hydrates the body
use,stratigraphy,archaeologists use stratigraphy to determine the age of objects
wash,face,wash your face
break,leg,i broke my leg
use,fly,fly fishing uses flies instead of lures
weed,eater,weed eater
have,movement,Quartz watches have a quartz movement
take,shower,Take a shower before going to bed
build,computer,You can build your own computer by following these steps
protect,hand,protects hands from rain
achieve,acclaim,His works have achieved significant critical acclaim and widespread commercial success
include,salt,Chinese seasonings include soy sauce salt and pepper
study,psychology,he studied psychology
put,piece,Put a piece of paper in my mouth to make her think Im sick
share,mutation,Domestic and wild cats share a taste receptor gene mutation
build,list,Build a list of people who are interested in your product or service
brush,tooth,Brush your teeth twice a day
discover,cave,A princess discovers an abandoned cave in the middle of a forest She is scared to go there because she has never seen anything like it before and her parents arent sure whether they should stay or leave their daughter alone at home with this newfound knowledge about something that could be very dangerous for them as well
give,treat,Give the cat a treat
skip,breakfast,If you skip breakfast your blood sugar levels will be higher than normal
keep,company,keep them company
top,account,Instagrams top five mostfollowed accounts are
have,lot,New York City has a lot of vegan restaurants
eat,food,to eat food
play,tennis,Play tennis with a friend
chase,tale,Chasing My Tale
call,police,If youve been ticketed for speeding call the police immediately
use,tutor,Use a tutor to help you study
cause,cancer,methanol wood alcohol or 1propanol can cause cancer
buy,suitcase,Buy a bigger suitcase
have,tendency,human beings have a tendency to think they are always right
feed,dog,Feed your dog a healthy diet
lower,pressure,lowering blood pressure
canoe,camping,Canoe Camping in Michigan
buy,contract,option to buy a futures contract
buy,car,When buying a car you should think about the following
improve,quality,improve the quality of language
admire,toad,admiring toad
secure,account,secure your computer accounts
hate,squirrel,i hate squirrels in my yard
have,surface,Acrylic paint has a smoother surface and is easier to clean
eat,banana,Eat a banana
place,duvet,Place the duvet cover on top of it
board,plane,Passengers board the plane in a single line
reduce,use,Reduce the use of plastic bags
conduct,research,conducts research and development
have,name,no one has a name
discourage,people,Prohibition would discourage people from selling sex
watch,tv,watching tv
rewrite,rule,rewrite the rules
fill,cup,Fill a cup with boiling water and add 1 teaspoon of ground ginger
take,breath,Take a deep breath to calm yourself down
learn,principle,Learn the basic principles of GAAP accounting
have,lot,they have a lot of fun
have,lot,they have a lot of money
have,cycle,Plants have a life cycle
require,equipment,Sourdough baking requires minimal equipment and simple ingredients
make,money,make money
evict,tenant,You can evict your tenant in California by following these steps
regulate,temperature,to regulate body temperature
make,dinner,You can make a quick dinner for the week by roasting some vegetables
plant,tree,Plant a tree in your backyard
draw,picture,drew his own pictures
transport,good,to transport goods
store,money,to store money
get,job,Get a job in the cloud
have,seat,The SchiffbauHalle has 750 seats and the Schauspielhaus also operates three stages so it can serve 800  400  1200 patrons
take,tour,Take a tour of the city
put,toddler,Put your toddler in a rocking chair
pioneer,development,women pioneered the development of computers
love,sheep,i love sheep
place,steak,Place the steak on a cutting board and flip it over
make,video,You can make a viral video with any of the following
buy,thing,to buy things
wear,helmet,The American football team wears a helmet
have,lot,Amsterdam has a lot to offer
lead,vocal,lead vocals and rhythm guitar
flush,toilet,flushing toilets
develop,process,Chemical engineers develop economical commercial processes to convert raw materials into useful products
create,environment,Create a safe work environment
make,debut,She made her debut in Shararat
learn,snowboad,You can learn snowboad by watching videos on YouTube
make,list,Make a list of all the ingredients you will need for each meal
add,dash,add a dash of honey
increase,profitability,You can increase profitability by lowering the price of your product or service
uplift,spirit,uplifts spirits
use,bar,Use a wheelie bar to hold the motorcycle in place
build,campfire,You can build a campfire by placing sticks in the ground and lighting them with matches
reach,consensus,Industry experts have not reached a consensus
absorb,sunlight,they absorb sunlight
lower,power,lowering the purchasing power of money
run,deadlift,Cardio running deadlifts
shift,balance,The battle shifted the balance of power
use,tenderizer,Use a meat tenderizer
feed,food,Feed your pet food and water
make,airplane,to make paper airplanes
wipe,pan,Wipe the pan with a paper towel
check,weather,Check the weather
play,game,Play a game of table tennis every day
eat,fruit,Eat more fruits and vegetables
buy,heater,Buy a solar powered water heater
chew,tree,chew down trees
play,blackjack,Playing blackjack is the same as playing poker
pay,tax,They do not pay income tax at all
build,team,Build a team of talented players
make,movie,Make a movie
add,seatpost,Add a seatpost
buy,car,buy a new car
receive,review,To receive a strong performance review you need to
reduce,amount,a progressive consumption tax reduces the amount of money spent on goods and services
transfer,vibration,to transfer vibrations
save,money,to save money
decorate,wall,Decorate the wall with a picture of your favorite animal
drink,glass,Drink a glass of water
have,understanding,A support team should have a good understanding of the technology they are working with
purchase,variety,Consumers can purchase a variety of salt products
ask,question,if you want to know more about something ask questions
achieve,type,You can achieve type 2 fun by playing video games
eat,lot,Eat a lot of fruits and vegetables
earn,money,Formula 1 drivers earn so much money
use,knife,Use a knife sharpener
have,brain,have a brain
eat,fruit,eat more fruits and vegetables
use,dryer,Use a hair dryer to melt the wax
thrash,band,thrash metal bands
use,bag,use a sleeping bag
burn,fuel,humans burning fossil fuels
strengthen,muscle,Strengthens the muscles in your body
ask,question,ask more meaningful questions
develop,sportsmanship,to develop good sportsmanship
get,exercise,to get exercise
s,right,women s right to vote
install,system,Install a security system in your car
support,service,Alexa supports many subscriptionbased and free streaming services on Amazon devices
attract,customer,to attract new customers
cleanse,face,Cleanse your face with warm water and a facial cleanser
boil,water,You can boil the water and use it for cooking or drinking
eat,fruit,Eat more fruits and vegetables
play,chess,Playing chess is fun and educational
slap,shot,slap shot
permit,application,Producer API  Permits an application to publish streams
get,exercise,to get exercise
win,album,List of Mercury Prize winning albums since 2000
fill,bowl,Fill a bowl with water and add green food coloring
spread,butter,Spread peanut butter on one side of a bread slice then spread with jelly
write,book,Write a book
roleplay,game,roleplaying video game
use,hammock,yoga that uses a hammock
replace,human,AI will eventually replace humans
concern,conflict,The main story arc concerns Harrys conflict with Lord Voldemort3 Other major themes in the series include prejudice corruption and madness
pick,name,You should pick a name that is meaningful to you and your baby
ask,friend,If you are looking for a good interior decorator ask your friends and family to recommend one
turn,light,To reduce your electricity bill turn off the lights when not in use
plan,journey,To plan a Lakehouse migration journey you will need to know where the lake is located
receive,mm,Deserts generally receive less than 250 mm 10 in of precipitation each year
begin,career,Primarily a character actor Harvey began his career on stage and in silent films
store,food,storing food in the freezer
use,thermometer,Use a meat thermometer to check the internal temperature
debate,weight,Historians have long debated the relative weight of nonmaritime factors as contributing causes
have,lot,New Delhi has a lot to offer in terms of architecture culture and food
prepare,space,To prepare the living space for a new dog you should
recommend,routine,Can you recommend a workout routine for me
get,gun,annie get your gun
use,crane,Use a crane to lift the truck
have,enamel,Beavers have a thick enamel that is colored orange or reddishbrown by iron compounds
compose,music,You can compose electronic music in 3 simple ways 
grill,asparagus,grilled asparagus
find,group,Find a group of people to hang out with
have,tornado,The United States has the most tornadoes of any country
have,aspect,funerals may have religious aspects that are intended to help the soul 
plug,phone,Plug the phone into a wall outlet
point,existence,A review study from Indonesia points out the existence of contradicting results on that issue
have,taste,sparkling water has a pleasant taste
fill,cup,Fill a cup with boiling water and add 2 teaspoons of ground cardamom
find,team,Find a team that you like
gain,trust,You can gain trust in a workplace by showing that you are trustworthy
controller,drive,controllers a tape drive
give,sense,it gives you a sense of pride
have,lot,New England has a lot of historic houses
have,title,Mercedes Schumacher has a jointrecord seven World Drivers Championship titles tied with Lewis Hamilton
eat,chocolate,Eat a hot chocolate
leave,act,Rydel left the third and final act of his play open
sign,deal,She signed a songwriting deal with SonyATV Music Publishing in 2004
take,nap,take a nap
facilitate,user,The simple chart mode facilitates users to write visualization fast and easily
comply,obligation,To comply with a data controllers legal obligations
freeze,rain,freezing rain
have,impact,Work from home has a negative impact on the quality of life for people who live in rural areas because they are more likely to be unemployed and have less control over their own time
use,cloth,Use a soft cloth to clean the pan
strike,iceberg,striking an iceberg
leave,color,leaves change color in the fall season
take,time,Take time to appreciate the little things in life
have,reputation,Seattle has a wellearned reputation for frequent rain
enjoy,nature,to enjoy nature
wear,helmet,wears a helmet
find,use,Eucalyptus oil finds many uses like in fuels
have,support,Spark Streaming has support builtin to consume from Kafka Flume
pack,towel,Pack a beach towel and sunscreen
get,gun,annie get your gun
amplify,signal,It amplifies a signal by increasing the voltage
take,step,Take 2 steps
spend,time,Spend time with people you like
wipe,keyboard,Wipe down keyboard with a microfiber cloth
climb,wall,Climb up the wall
use,process,To develop OKRs for your team at work you should use the following process
increase,safety,increasing safety
replace,dashboard,Lakeview replacing dashboard
dimwitte,man,Two dimwitted men named Sabapathy
use,dictionary,Use a dictionary to help you learn the language
use,card,Use a credit card
throw,ball,throw the ball to first base
make,bun,Make your own burger buns
eat,noodle,You can eat noodles in many different ways
lie,egg,eagles lay eggs
take,leader,It takes a leader to appreciate you
scatter,plot,scatter plot
list,abuse,Trend Micro lists premium service abuse as the most common type of Android malware where text messages are sent from infected phones to
have,wheel,not having wheels
freeze,meal,freeze dried meals
plant,houseplant,Plant your houseplant in a sunny wellventilated location
buy,bike,Buy a bike that you like
cough,fever,coughing fever
grease,skillet,Preheat the oven to 375 degrees F Lightly grease an 8inch 22cm skillet with cooking spray and heat it on medium high until shimmering then add 2 tablespoons of vegetable oil saute 1 chopped garlic clove for 34 minutes or till softened but still slightly chunky in texture before adding 12 teaspoon each ground coriander seed 14 cup cumin seeds 23 crushed Add 4 cups chicken stock 325 grams reduce by half while stirring frequently so that all ingredients are coated evenly
attend,school,He attended medical school at Georgetown University where he graduated with honors
want,dog,I want a dog
play,team,to play Elsons former team
discuss,issue,to discuss family issues
represent,author,represents authors of romantic fiction in the United Kingdom
reduce,stress,meditating reduces stress
take,ride,Take a boat ride on the canals
love,purple,i love the color purple
lower,pressure,lowering blood pressure
bake,salt,flour baking soda salt
drive,car,drive a car
love,carpet,i love my carpet
have,lot,they have a lot of experience
get,gun,annie get your gun
use,fan,You can use a fan to keep your house cool
drink,water,People can drink far more water than necessary while exercising
eat,chicken,I should eat chicken
eat,fruit,Eat more fruits and vegetables
eat,dairy,Vegans do not eat meat dairy or eggs
use,boat,Use a rescue boat to pull you out
use,sandpaper,Use sandpaper to smooth out the concrete
mix,ingredient,To make a good pizza tonight you should mix the following ingredients together 2 tablespoons olive oil 1 teaspoon garlic salt 12 cup grated Parmesan cheese optional Bake at 400 degrees F for 20 minutes
find,time,You can find time to do everything effectively in life by having a schedule
meet,alien,last night you met an alien
choose,puppy,Choose a puppy that you feel comfortable with
eat,lot,Eat a lot of fruits and vegetables
give,advice,Id like to get a dog Can you give me some advice
have,time,have a good time
carry,oxygen,Hemoglobin in blood carries oxygen from the respiratory organs
include,problem,memory impairment and a disruption in thought patterns the most common symptoms include emotional problems
make,debut,She made her television debut as Rocky Blue on the Disney Channel sitcom Shake It Up 20102013
take,train,You can take a bus train or taxi
eat,diet,Eat a diet rich in fruits and vegetables
build,mass,to build muscle mass
get,gun,annie get your gun
improve,performance,In order to improve the performance of your Kafka cluster you can
include,software,Its flagship products include Adobe Photoshop image editing software
need,bag,You need a carryon bag
take,place,The story takes place in a dystopian future world where technology has become so advanced that it is now possible for humans to live forever In this futuristic society there are no living beings and the only thing people have left of their own species the human race
ionize,radiation,ionizing radiation
get,gun,annie get your gun
add,cell,To add two cells in Excel right click on the first cell and select Insert
ask,friend,If you are looking for a new bike ask your friends and family what they think of it
call,family,call family and friends
convert,energy,An LCD panel converts electrical energy into light
use,variety,Photographers use a wide variety of techniques to capture their subjects
use,pair,Use a pair of ski boots
place,apple,Place the apple on a cutting board and cut it in half lengthwise
drink,water,To increase your stamina drink more water
take,bus,Take a bus
winemake,making,Winemaking also wine making or vinification
have,hole,they have holes in them
give,smoke,The use of wax made solely from animal fat does not give as much white colored smoke
make,music,You can make electronic music by using a synthesizer
find,port,You can find a charging port on the back of your laptop
use,internet,You would use the Internet to search for car dealerships in your area
have,lot,Romania has a lot to offer for those who are interested in history and culture
include,institution,The biggest institutional shareholders of Credit Suisse include the following institutions Saudi National Bank Qatar Investment Authority BlackRock
use,rotor,You can use the rotors to make new brake pads for your car
drink,glass,Drink a glass of water
press,button,Press the Home button
include,yoghurt,Dairy products include cheese yoghurt and milk
place,pomegranate,Place the pomegranate between your thumb and index finger
spend,time,Spend more time with your dog
take,nap,take a nap
consider,proof,Considered a proof of residence
drink,glass,Drink a glass of water
check,post,If youre looking for a great way to celebrate the holidays check out this post
play,game,Play a game of hide and seek
use,screwdriver,use a screwdriver to remove the head of an apple
dress,olive,Greek dressing olives and feta cheese
use,mallet,Use a tuning mallet to tune the drum
take,nap,Take a nap
evaluate,performance,You can evaluate the performance of your marketing spend by looking at how much money you have spent on it
place,egg,Place the eggs in a pan and cook over medium heat until they are set
win,championship,they won nfl championship
use,component,lime used for cement an essential component of concrete
keep,animal,to keep animals from escaping
sell,good,sells consumer goods
get,job,Get a parttime job
read,book,Read a book listen to music or watch movies
have,defender,it has its defenders as well
change,life,books that will change your life
consider,study,he should consider law studies
mitigate,factor,to mitigate confounding factors
learn,rule,Learn the basic rules of chess
use,fence,Use a chain link fence
save,money,Solar panels and a powerwall save money on your electricity bill
drink,glass,Drink a glass of water
start,hustle,Start a side hustle
use,system,use a home theater system
do,jump,You can do a toe loop jump by standing on one foot and flipping over your head
use,knife,Use a butter knife to pry the lid off
take,care,Take care of yourself
add,dash,Add a dash of cayenne pepper to the broth
do,exercise,Yes she can do exercises that will help her lose weight
find,tournament,Where can I find Yukigassen tournaments
improve,quality,improve the quality of life
commemorate,crucifixion,commemorating the crucifixion of Jesus
get,trainer,Get a personal trainer
make,sauce,To make a vegan Alfredo sauce you can use almond milk instead of butter
defeat,nominee,Nixon and Agnew defeated the Democratic nominees Senator George McGovern of South Dakota
get,shower,Get a hot shower
win,title,host Colombia won its first title
fill,tub,Fill a tub with warm water and place the dog in it
wear,shirt,Wear a longsleeved shirt and pants
reduce,amount,Context switching reduces the amount of memory a computer has available
build,relationship,Build a relationship with your neighbors
get,gun,annie get your gun
make,list,Make a list of all the things you want to do
play,chess,play chess as you would any other game
get,degree,Get a degree in computer science
have,rating,ECS has a lower customer satisfaction rating
buy,pack,Buy a six pack of beer
use,gauge,Use a tire pressure gauge to keep track of how much air is in your tires
have,leak,Id like to make a warranty claim against the company that installed my swimming pool It has two leaks and it is not covered under any of their warranties so please let me know what you can do with this information
have,history,Chinese and Japanese have a long history
authorize,provider,FedRAMP authorizes cloud service providers to do business with federal agencies
orbit,star,when it orbits a star
give,advice,Id like to get a dog Can you give me some advice
exhibit,variety,Visually anime works exhibit a wide variety of art styles
prevent,covid19,You can prevent COVID19 by eating a diet rich in fruits and vegetables
cut,rib,Cut the short ribs in half lengthwise then cut them into 12 inch thick slices
fill,cup,Fill a cup with hot water and add milk
give,peace,Give us peace
write,response,Write a response to the proposed edits
have,application,has various applications in computer science
provide,environment,childcare provides a safe and secure environment for your child
have,roster,Neumann University has a very active club sports roster
plant,tree,Plant more trees
have,lot,it has a lot to offer
use,system,Use a rainwater harvesting system
use,grinder,Use a coffee grinder to grind the beans
pay,attention,You should pay attention to the condition of a house
eat,lot,Eat a lot of food and drink water
build,foundation,Build a foundation
create,wetland,creates wetlands used by many other species
leave,traffic,left hand traffic
use,tool,use the data tools
give,rating,The New York Times gave the series an 810 rating describing it as a warm and winsome comedy with unrelenting optimism63
win,award,He has won five Ballon dOr awards
crown,champion,Argentina were crowned the champions
use,baguette,To make french toast you can use a baguette and butter
get,job,Get a job
use,needle,Use a needle and thread
create,identity,Create a new corporate identity for the company
reduce,stress,meditation reduces stress
press,button,Press the power button on your Model Y
take,place,The story takes place in a modern day bowling alley A young woman is about to throw her first strike when she discovers that the ball has special powers and can roll strikes every time She runs for help but cannot find anyone who might have found it or even know where they could get one of these magical balls
box,art,boxing mixed martial arts
find,book,In the US you can find special edition books at bookstores and libraries
play,game,Playing card games are a great way to spend time with your family and friends You can also use them as an educational tool by teaching children about the different types of cards that they have in their decks
impact,supply,A drought can impact food supplies and this change has a negative effect on the environment
promise,throne,Edward had previously promised the throne
buy,suit,If you want to impress your father in law buy him a nice suit and tie
bridge,period,Beethovens stylistic innovations bridge the Classical and Romantic periods
inform,team,informing the security team
wire,outlet,To wire an electrical outlet you first need to make sure that the circuit breaker is turned off
choose,scheme,Choose a color scheme that matches the rest of your home
install,barrier,Install acoustic barriers
stand,board,stand up paddle board
take,place,The story takes place in a dystopian future where the government controls everything and everyone Cryptocurrencies are used to pay for things like food medicine or even entertainment that isnt available through traditional channels such as cable television networks TVs People use these new forms of payment because they believe it will make them richer than people who have never had any money at all This utopian society has been turned upside down by an evil dictatorship called The Dark Lord In this futuristic world we find ourselves faced with many challenges how do you control your own destiny What does decentralisation really mean
heat,skillet,Heat a skillet over mediumhigh heat Add the eggs and cook until they are set about 3 minutes per side they should still be runny when you take them out
give,gift,Give them a gift
eat,fruit,Eat more fruits and vegetables
choose,racket,You should choose a racket that is made for the sport you want to play
take,shower,Take a shower
have,break,Schools and universities typically have a summer break to take advantage of the warmer weather
place,steak,Place the steak on a grill over mediumhigh heat
build,house,build a house
fill,cocktail,Fill a cocktail shaker half way with alcohol Shake vigorously then strain into an oldfashioned glass
get,exercise,to get exercise
save,time,Installing artificial turf in your backyard will save you time and money
enact,law,enacts laws
conduct,analysis,Conduct a costbenefit analysis
use,pallet,Use a pallet to move it
pay,tax,They do not pay income tax at all
take,trip,Take a trip to the beach
tell,joke,tell jokes to Justin himself
bake,cheesecake,To bake the perfect flourless cheesecake youll need Preheat oven to 350 degrees F Line an 8 inch springform pan with foil or parchment paper set aside 2 tablespoons of vegetable shortening or butter and 1 teaspoon vanilla extract for each layer in your pie shelltinoptional Pour 4 cups chilled whipping cream into saucepan over medium heat until it is just boiling but do not boil at this point Add 14 cup confectioners sugar before adding remaining sweetened condensed milk while stirring constantly so that all ingredients are evenly coated
take,train,To travel from Hamburg to Munich you can take a train
use,screwdriver,Use a flathead screwdriver to remove the old bulb
choose,cheese,You should choose a cheese that you like
have,hole,The CD drive has a small hole in it
grasp,opponent,Grasp your opponent with both hands
increase,chance,education increases chances of success
check,brewery,If you are looking for something fun to do this weekend why not check out a local brewery or winery
reduce,risk,It reduces the risk of heart disease
like,lesson,i dont like piano lessons
have,definition,large language model has no formal definition
get,gun,annie get your gun
kill,potter,how to kill harry potter
write,book,Stephanie Meyer has written five books
create,variety,Create a variety of ways that someone can digest content from the book
manage,park,manage amusement parks
increase,amount,Increase the amount of money spent on elections
fight,type,What type of enemies does Aloy fight with
highfunctione,autism,Highfunctioning autism
kick,ball,kick the ball back and forth with your feet
recall,information,inability to recall personal information beyond what is expected through normal memory issues
make,list,Make a list of what you want to accomplish
use,memory,RNNs can use their internal state memory
eat,breakfast,Eat a healthy breakfast
indicate,situation10,An inverted yield curve indicates a worsening economic situation10
include,item,The detail would include such items as date the item was purchased or expense incurred
start,channel,You can start a YouTube channel with any of the following ideas
overcrowd,condition,Londons overcrowded conditions
visit,city,Ten things cities I should visit in Spain
teach,child,teaches children to love themselves
get,license,Get a pilots license
get,gun,annie get your gun
fly,fishing,fly fishing is a type of fisheries
improve,quality,Improve data quality by providing consistent codes and descriptions
choose,pair,Choose a pair of headphones that are comfortable to wear
eat,fruit,Eat more fruits and vegetables
hire,expert,You can hire a subject matter expert to help you with your presentation
buy,house,Pros of buying a bigger house
use,yelp,You can use yelp to find restaurants near you
make,list,Make a list of all the things you want to do in your life
use,calculator,use a calculator
absorb,sunlight,they absorb sunlight
tell,story,John Wick tells the story of a man who is hunted for his wife and children
place,food,Place the packaged food in a sturdy plastic bag
consider,factor,You should consider the following factors when purchasing an electric car
introduce,feature,The Stratocaster introduced several features that were innovative for electric guitars
get,gun,annie get your gun
use,roller,Use a foam roller to roll on your hips
reduce,stress,reducing stress
have,layer,should we have a pre bronze layer
have,temperature,Earths side Venus has a mean temperature of 464C 867oF and is the second largest terrestrial object in our Solar System with an average surface gravity slightly lower than on earth
have,team,it has the best teams
manufacture,explosive,to manufacture explosives
cover,period,The celebration covers a period of three days
use,algorithm,Use a different algorithm
buy,suitcase,Buy a bigger suitcase
add,salt,Add salt and pepper to taste
add,tablespoon,Add a few tablespoons of flour to the sauce
open,door,1854 and opened its doors ten years later
use,iron,Use a tire iron to fix the puncture
wear,pair,If you want to look like an expert wear a nice pair of wine glasses
eliminate,threat,eliminate threats to the system
use,telescope,Use a telescope
reduce,risk,Minimally invasive surgery reduces the risk of complications
put,sunscreen,Put sunscreen on before you go out
have,kid,You can have a kids Easter egg hunt
have,income,Males had a median income of 31563
have,climate,California has a hotter climate than New York
have,institution,All India Carrom Federation has 15 regional and 28 state subnational affiliate institutions
get,gun,annie get your gun
file,patent,1917 Finnish inventor Eric Tigerstedt filed a patent
own,strength,using ones own physical strength with equipment used solely as protection
take,taxi,take a taxi
find,way,Find a way out of the labyrinth
play,game,I could play a game of checkers with two friends
use,flour,I used too much flour
optimize,weight,Optimizing weights of asset classes to hold
take,island,Communists to take the island
grill,sandwich,grilled cheese sandwiches
have,impact,Dredging has significant environmental impacts
hydrate,body,hydrates the body
boost,algorithm,xg boost algorithm
love,apartment,I love my rickety old apartment
take,shower,Take a hot shower and gargle with warm water
acquire,right,Blumhouse Productions acquired the rights
give,gift,give them a gift
place,rice,Place the rice in a large bowl and cover with cold water Bring to boil then simmer until tender but not al dente
suggest,time,Can you suggest a time that works for both of them
use,app,Use a map app on your phone
remove,limescale,To remove limescale from shower and taps you can
lead,life,Through her new alterego she leads a life that is far more exciting
direct,team,President Joe Biden has directed his team to bring every element of the federal government together
leak,vapour,leaking vapours
take,breath,Take a few deep breaths and gently pat them on the back
basset,hound,basset hound
plan,trip,To plan a father and son high school senior trip you can
show,trust,good manager always show trust
choose,bicycle,Choose a bicycle that is comfortable for you
evaluate,equation,evaluate the equation as a function of time
create,display,creates elaborate light displays
get,exercise,Getting regular exercise
take,part,Twentytwo countries took part in the contest
publish,newsletter,He publishes a monthly newsletter that is notable for its indepth investigative reporting
threaten,people,climate change threatens people with increased flooding
take,bus,You can take a bus to the airport
discover,treehouse,A man discovers a partially built treehouse in his backyard He is surprised to find out that it has been there for over 100 years
place,banana,Place the bananas in a large bowl and cover them with plastic wrap
pay,attention,You should pay attention to the graphics card
add,dash,Add a dash of honey to the coffee
use,machine,Use a sewing machine to sew the rug together
get,dog,Can I get a dog
have,rating,It has an overall approval rating of 88
buy,bag,I should buy a bag of frozen peaches
get,sleep,Get a good nights sleep
choose,venue,Choose a venue for the wedding
circumnavigate,globe,circumnavigate the globe
express,love,express your love with a card
get,education,Get a good education
prevent,procrastination,To prevent procrastination you need to make a list of all the things that are on your mind Write down these items and put them in an organized place where they can be easily found when it is time for work
cause,attraction,causes mutual attraction between all things with mass or energy
love,holiday,i love the holidays
have,climate,Bangalore has a humid subtropical climate
dry,clothe,to dry clothes
include,information,The guest pamphlet should include the property address host contact information and wifi password
place,egg,Place the eggs in a bowl and cover with cold water
place,slice,Place two slices of bread on a hot grill and cook until golden brown
need,food,Youll need a sleeping bag food and water
consider,factor,Consumers should consider the following factors when purchasing an electric vehicle
build,culture,Build a culture of trust in your team
train,dragon,how to train your dragon
make,difference,to make a difference
use,circle,Digital color management uses a hue circle defined according to additive primary colors
file,tax,In order to file tax for 2022 you must be a resident of the United States
basset,hound,basset hound
dribble,ball,dribble the ball back and forth
follow,rule,Hard magic systems follow specific rules
grow,garden,To grow a garden in your backyard you can
have,conductivity,Diamond has the highest hardness and thermal conductivity of any natural material properties that are used in major industrial applications
walk,dog,A man is walking his dog by the river He stops to look at a tree and notices that it has fallen down on top of him but there arent any other people in sight
take,trip,take a boat trip on the Thames
keep,account,Keep a savings account
have,fun,they have fun
use,handlebar,Use the handlebars to steer
place,steak,Place the steak on a grill over mediumhigh heat and cook until its no longer pink
conserve,water,We should conserve water
have,impact,The use of social media in our daily life has a positive impact on the health and wellbeing
give,advice,Id like to get a cat Can you give me some advice
establish,loyalty,establish strong brand recognition customer loyalty
make,call,You can make a phone call by
produce,speech,Concatenative synthesis produces the most naturalsounding synthesized speech
make,appearance,BMW Sauber in 2006 making a oneoff racing appearance
win,game,Barcelona won the game 54 after extra time to claim their fifth Super Cup title tying Milans record
have,benefit,building a DIY home build off grid has many benefits
get,gun,annie get your gun
use,club,Use a golf club to hit the ball
eat,chocolate,I eat too much chocolate
raise,age,raise the retirement age to 65
save,money,You can save money by growing your own food
see,picture,be able to see the big picture
eat,product,Vegans do not eat animal products
find,job,Its okay you can always find a new job
generate,art,computer generated art
see,bureaucratization,Weber saw bureaucratization as the most efficient and rational way of organizing human activity
add,ingredient,To make a simple green salsa add the following ingredients to your food processor 12 cup diced tomatoes 2 tablespoons chopped red onion Salt and pepper
exclude,study,it excludes the study of anatomically modern humans
prepare,letter,Prepare for the interview with a resume and cover letter
have,license,You must have a pilots license
make,club,List of brands that make golf clubs
take,lot,it takes a lot of practice
reduce,number,By reducing the number of employees
romaine,cucumber,romaine lettuce tomatoes cucumbers and onions
acquire,studio,Disney should be acquiring smaller movie studios like Pixar and Marvel
get,gun,annie get your gun
have,lot,When I was a little girl my parents took me to the orphanage The children loved it and were very happy when they came home from school every day They always had lots of fun playing with each others toys while their mom taught them all about different animals that lived in our world around us My dad never left his house without saying I love you Mommy It made him feel so good
make,lunch,Make a healthy lunch for your kids
earn,money,to earn money
treat,option,The tax code treats incentive stock options as taxable income
beat,percent,if you cant beat 80 percent of the people in your life it is time to quit
protect,skin,Sunscreen protects skin from the sun
get,gun,annie get your gun
have,homelessness,San francisco has homelessness
shoot,ball,he can shoot the ball
devise,asset,Joey devises assets to a class of beneficiaries where the testator controls membership
use,firewall,Use a firewall to protect your computer
steer,boat,steers the boat using rudder strings
drink,lot,Drink a lot of water
brush,tooth,Brush your teeth at least twice a day
return,shirt,You can return the shirt for a full refund
mandate,season,The league mandated a twelvegame regular season for each team beginning in 1935
play,minute,by November 22 Green was playing 1520 minutes per game
win,slam,unseeded tennis player win grand slam
take,course,Take a course on the companys products
have,cost,Arizona has a lower cost of living than California
call,airline,Call the airline and ask for a refund
win,title,he won world heavyweight title
bake,soda,flour baking soda and salt
get,puppy,We are getting a new puppy
have,property,turmeric has antiinflammatory properties
fill,pot,Fill a large pot with soil and plant your seeds
tell,creature,human beings are story telling creatures
plant,houseplant,Plant your houseplants in a sunny welldraining location
poach,chicken,Poach the chicken in a pot of boiling water
have,tendency,Dogs have a tendency to bite
make,volcano,You can make a science fair volcano out of an old soda bottle
get,gun,annie get your gun
use,hair,Use a hair straightener
distill,alcohol,distills alcohol
eat,diet,Eat a diet rich in fruits and vegetables
increase,output,You can increase your output on a Peloton by increasing the distance you ride
choose,boat,Choose a boat that meets your needs
take,day,If you want to be more productive take a day off from work
form,union,Egypt and Syria formed a sovereign union
boil,egg,You can boil an egg in a pot of water
pack,variety,Pack a variety of snacks to keep the kids full and happy
employ,algorithm,CURE employs a hierarchical clustering algorithm
have,tail,jindo dogs have long tails
cook,brisket,Cook the brisket over mediumhigh heat until it is no longer pink
make,cup,To make a traditional cup of English tea first place the loose leaves in an ovenproof saucepan and add enough water to cover them
reduce,amount,recycling reduces the amount of waste produced
bring,bag,You could bring a bag of chips
need,address,AnswerBTell your CEO that youre going to be writing this report on how well the company supports X capabilities You will also need an email address so they can access it from their phone or computer at any time during normal business hours Monday through Friday
drain,portion,The Tuolumne River drains the entire southern portion of Yoshimita an area that is approximately 1200 square miles 4000 km2
hunt,dog,hunting dog
sell,record,Swift has sold over 200 million records globally
have,property,matter that has a property of electric charge
have,closure,it has a magnetic closure
designate,force,troops designated special forces
have,risk,indoor soccer has a higher risk of injury
have,range,Morocco has a wide range of biodiversity
use,computer,Use a computer to play video games
express,idea,be able to express ideas
donate,money,Donate money to a homeless person
use,peg,Use a tuning peg to play the chord
include,etching,Processes include photolithography etching and diffusion
hang,parrot,Moluccan hanging parrot
add,tablespoon,To thicken a dish quickly without adding cream or starch add 2 tablespoons of flour to the mixture
like,hair,she likes long hair
have,friend,I have a friend who lives in Minneapolis and is looking to move here He has been working for the same company since 2000 but they are moving out of state because its too far away from their home town MidAtlantic If you can help him with this please let me know
cough,fever,coughing fever
reject,design,Apple rejected the design by committee approach
grease,pan,Preheat oven to 425 degrees F Lightly grease a 9x9inch baking pan with nonstick cooking spray or butter then roll out the dough until its about 12 inch thick and cut in half lengthwise
identify,case,Identify the business use case
plan,session,You can plan a training session by looking at the goals you want to achieve
describe,temple,The book of Ezekiel1 describes the temple in detail
solve,paradox,To solve the paradox you need to find a solution for fermi
take,time,If youre nervous about giving a speech take some time to calm down and relax
take,bus,take a bus
make,list,make a list of all the things you miss about yourself
use,peeler,Use a coconut peeler
break,norm,To break a social norm without breaking the law you can
need,team,You need a team of people who are passionate about what youre trying to achieve
have,pitch,Indian music has a higher pitch
take,break,Take a break from the habit
place,elephant,Place the elephant into a fridge
buy,bike,Buy a bike that you are comfortable with
hijack,airliner,terrorists hijacked four commercial airliners
get,gun,annie get your gun
win,tournament,Austria Wien won the tournament for 27th time a record
pour,coffee,Pour the coffee into a widemouthed glass
produce,trajectory,to produce trajectories of an endeffector
bake,cake,Bake the cake in a preheated oven at 350 degrees
lose,friend,I lost a dear friend last year She was an amazing woman who always had my best interest in mind and made me laugh so hard she would never get tired of talking about it
provide,benefit,Strength training also provides functional benefits
discuss,issue,to discuss important issues
increase,size,The Super Mushroom increases the characters size and allows them to break certain blocks
avert,war,averting wars
win,title,The club has won 13 league titles including one unbeaten title a record 14 FA Cups
eat,breakfast,eat breakfast
pour,espresso,Pour the espresso into a coffee maker and turn it on
combine,ingredient,To make Cincinnati style Venison Chili combine the following ingredients in a large saucepan Bring to boil over mediumhigh heat and simmer until reduced by half about 30 minutes
fill,filter,Fill a coffee filter with water and place it in the AreoPress
get,control,September 2009 Synterra Group of Companies GC got operational control
need,juice,You will need vodka lime juice and ice
share,border,Greece shares land borders with Albania to the northwest North Macedonia and Bulgaria rght
choose,mountain,Choose a mountain that is close to where you live
drink,glass,Drink a glass of water before bed
assign,tag,It assigned to every item of data a structured alphanumeric tag
use,glue,Use wood glue to join the pieces together
take,step,To become a data engineer for absolute beginner you should take the following steps
receive,coverage,His outspoken views have received significant media coverage
save,world,edmund saves world
whisk,ingredient,Preheat oven to 350 degrees F Line a 9x9inch baking pan with foil or parchment paper and set aside 2 tablespoons of vegetable shortening or butter In another large bowl whisk together the dry ingredients until theyre well combined then add in 1 teaspoon vanilla extract for an extra sweet treat Sift 14 cup confectioners sugar into each cookie batter mixture just before you begin mixing it up
create,connection,Inperson contact creates more impactful human connections
need,cup,To make Indian Lemonade you will need 1 cup 240 ml lemon juice 2 tablespoons of sugar 12 teaspoon and 4 to 5 slices fresh ginger
write,packet,You can write a promotional packet in any of the following ways
boost,creativity,Why questions boost creativity during brainstorming sessions
offer,discount,Israel offers huge discounts to Chicago Booth students spring break trips
have,population,The Kuova district has a population of around 31000
lead,movement,Talabani led the Kurdish separatist movement in northern Iraq
use,toothpick,Use a toothpick to scrape off the back of your toothbrush
have,property,cinnamon has antiinflammatory properties
have,color,Styrofoam has a distinctive blue color
take,bunny,Take your bunny to the bathroom
eat,fruit,Eat more fruits and vegetables
create,chatbot,Create a chatbot
mean,chief,Sardar meaning chief in Hindi
have,town,It has a small town feel
bear,way,Born This Way
absorb,water,It absorbs more water
understand,datum,To understand event based data you need to know what is happening
use,bar,Use the search bar
reduce,congestion,Free public transportation reduces congestion
take,cat,Take your cat to the vet
use,shovel,Use a shovel to dig holes in the ground
play,game,people like playing video games
have,day,have a good day
feed,milk,You should feed your baby breast milk
hold,club,To hit a bunker shot hold the club in your left hand
neglect,disease,5 neglected tropical diseases
lose,weight,You can lose weight by eating a lot of fruits and vegetables
have,sense,boys have a better sense of humor
burn,acre,The 1964 Coyote Fire burned 67000 acres 270 km2 of backcountry along with 106 homes the smaller but quickly moving Sycamore
teach,child,In order to help alleviate food insecurity teachers should teach children about the importance of a healthy diet
take,medication,Take a medication
write,line,Write the lines in a voice that is easy to understand
win,championship,they have won two national championships
choose,colour,Choose a colour that compliments your skin tone
pop,balloon,You can pop a balloon by blowing air into it
make,dinner,You can make a simple dinner for the kids that they will enjoy
fill,pot,Fill a pot with water and add coffee beans
alter,time,refraction can alter the time of sunrise by changing its apparent position
have,climate,It has a humid subtropical climate with warm summers and cool nights
hit,ball,to hit the ball
teach,child,they teach children about the world
install,floor,To maximize the space in your garage install a concrete floor
describe,branch,Article I describes the legislative branch of government
get,gun,annie get your gun
critique,concept,Nietzsche and Haraway critique the concept of scientific knowledge
use,treat,Use a treat to train your dog
want,tortoise,I want a pet tortoise Its the only thing that will make me happy and it can live to be 100 years old
paint,wall,Paint the walls a neutral color
symbolize,tomb,Easter eggs symbolize the empty tomb of Jesus
absorb,sunlight,they absorb sunlight
play,game,You can play a game of Monopoly
square,c2,mass m with the speed of light squared c2
fill,cup,Fill a cup with hot water and add 2 teaspoons of sugar
absorb,sunlight,they absorb sunlight
have,role,Each branch of the federal government has a distinct role
give,advice,Id like to get a dog Can you give me some advice
seek,job,seeking a job
do,homework,do homework
take,one,i took the one less traveled by
play,game,Play a game of hopscotch
give,treat,Give the cat a treat
have,income,You should have 2 incomes if you want to be financially independent
take,care,Take good care of your horse
persuade,son,He might persuade his son to sign with Big State
like,movie,i like the movie because its funny
open,account,You can open a bank account at any of the following banks
take,baby,Take your baby to a pediatrician
take,bus,You can take a bus from the airport to downtown
leave,car,Dont leave your car unattended on the road
read,map,he could not read maps
have,influence,Middle eastern music has a strong influence on the Western musical tradition
have,virus,It has a virus on it
have,degree,You must have a bachelors degree in computer science or related field
eat,shake,Eat a protein shake
provide,companionship,Pets provide companionship
place,dough,Place the dough on a parchment paper lined baking sheet and bake at 400 degrees for 20 minutes
use,scheme,Pacific Surfliner uses a unique blue and silver paint scheme
add,fireplace,add a fireplace to the living room
buy,car,Buy a car
increase,rate,aerobic exercise increases heart rate
have,impact,The introduction of broadband in the early 2000s has had a positive impact on Indian movie culture
get,gun,annie get your gun
make,sense,it makes sense if everyone agreed to do so
use,screwdriver,Use a screwdriver to loosen the bolts holding it in place
use,lamb,To make the best shepherds pie you should use a good quality lamb
use,cleaner,You could use a vacuum cleaner to clean your house
take,advantage,If youre playing against a strong opponent take advantage of the fact that each player has an equal chance to win
get,gun,annie get your gun
drink,glass,Drink a glass of water
require,separation,many southern states explicitly required separation of powers
sourdough,water,sourdough starter water and yeast
use,net,Use a net to catch fish
press,button,Press the power button on your Tesla Y
reduce,risk,Because a statin reduces the risk of heart disease
willie,brant,willie brant and yasser arafat
have,vision,Tesla has a longterm vision for the future of electric cars The companys technology is already being used by other companies including Apple and Google to create new products that will revolutionize how people use energy in their daily lives
use,intelligence,i use artificial intelligence in my work
place,steak,Place the steak on a cutting board and season it with salt
achieve,accuracy,XGBoost model often achieves higher accuracy
eat,fruit,Eat more fruits and vegetables
make,subcontinent,The following countries make up the Indian subcontinent
have,chance,when they have a chance to
eat,breakfast,eat breakfast
enjoy,rush,they enjoy the adrenaline rush
discover,part,A botanist discovers a part of the forest where plants are communicating with each other
wipe,grease,Wipe the grease off with a paper towel
test,knowledge,Test your knowledge
obtain,value,important for obtaining value
use,knob,Use the shift knob to change gears
reduce,congestion,public transportation reduces congestion
give,advice,Id like to get a dog Can you give me some advice
use,screwdriver,Use a screwdriver to pry the hole out
have,neighborhood,East County San Diego has many great neighborhoods to raise a family
strengthen,muscle,strengthens muscles
work,calorie,working out burns calories
add,number,How to add two numbers
play,game,Play a game of hide and seek
have,heart,I have a broken heart
visit,website,Visit the Walt Disney World website to plan your trip
take,dog,Take your dog to the vet for a medical checkup
have,movement,Quartz watches have a quartz movement
use,clifford,You can use Cliffords strengthsfinder as a tool to evaluate your employees
use,spoon,Use a spoon to scoop out the cubes
get,gun,annie get your gun
use,bench,You can use a weight bench to work out your arms and legs
bribe,member,foreign powers bribed Sejm members to paralyze its proceedings
leave,scar,left a lightning boltshaped scar on his forehead
reduce,number,It reduces the number of votes cast in a single election
have,family,If you have a family of four it would be best to shop at the same store every week
use,field,used an electric field as a grid was not new
store,datum,They store current and historical data in one single place2 that are used for creating analytical reports
contain,disc,Lenticular galaxies contain a largescale disc but do not have spiral arms
use,machine,You can use a time machine
maintain,health,to maintain good health
use,mug,Use the mug to keep your coffee hot
suggest,country,If you want to take a beach vacation I would suggest the following countries
take,shower,Take a shower
drink,glass,Drink a glass of water before bed
use,gun,Use a nail gun to hold the painting in place
heat,body,heats up your body
find,job,Find a job that interests you
take,shot,Take a few practice shots every day
get,help,You can get help for an adult relative with a serious mental illness by talking to your family doctor
raise,forefinger,raises a forefinger
enter,lot,On April 16 1987 a student at MurrayWright entered the school parking lot
regulate,trading,regulating the secondary trading of securities
sell,house,You can sell a house for less than you think
cure,pork,Eggs cured pork and black pepper
drink,glass,Drink a glass of water
prevent,disease,prevent disease
check,hotel,If you are looking for a place to stay while vacationing in Palm Springs California then check out the following hotels and motels
make,toast,You could make French toast with butter eggs and cheese
fly,banana,flying microtonal banana
understand,law,Understand the three laws of thermodynamics
have,selection,We have a great selection of cabins in Speedway Indiana
get,gun,annie get your gun
shoot,sport,Shooting sports is a group of competitive and recreational sporting activities
use,kit,Use a bicycle maintenance kit to keep your bike running smoothly
target,muscle,The exercises target muscles that support and stabilise the body
use,method,To do forecasting with small datasets you can use the following method
measure,cm,wingspan measuring up to 24 cm
eat,fruit,eating more fruits and vegetables
turn,light,To reduce your electricity bill turn off the lights when you are not using them
1MDB,saga,1MDB saga and scandal
have,faucet,Dave I have a leaky faucet in my bathroom Can you please fix it for me
increase,motivation,To motivate yourself to learn think of a positive thing you can do that will increase your motivation
take,trip,In Florida you can take a road trip through the Everglades National Park There are many great stops on your way to New York including The Statue of Liberty at Washington Dulles International Airport Walt Disney World Center Staten Islands Ferry Landing Museum and Aquarium Fort Titusville Historic District Visitor center for Native American artifactfilled displays
consider,factor,If you are looking for a place to live consider the following factors
change,type,You can change the type of a column by clicking on it
merge,change,When the team has renamed master branch to main you can merge changes in your feature with that
play,blackjack,Playing blackjack is the same as playing poker
earn,nickname,His methodical style earned him the nickname Slow Mo
wellcrafte,blade,wellcrafted obsidian blades
have,plan,Do you have a birth plan
platelet,plasma,platelet rich plasma
topearne,territory,Other topearning territories as of July 31 were the United Kingdom 62 million
run,pass,wide receiver could run a 20 yard touchdown pass to the end zone
complete,project,completing the project
romania,history,Romanias history and founding dates back to ancient times
inverse,law,inverse proportional law
carry,club,You should carry a golf club with you at all times
have,lot,it has a lot of replay value
eat,cream,eating ice cream
like,pencil,i like this pencil
need,potato,To make garlic mashed potatoes youll need 1 mediumsized russet potato 2 tablespoons butter or margarine 12 teaspoon each salt and pepper to taste
have,capitalization,In 2007 Nokia had a market capitalization of 110 billion
check,line,Check the fuel line
receive,review,The Guardian Gloria Emerson of the New York Times If I Die in a Combat Zone Box Me Up and Ship me Home received warm reviews from critics
include,fruit,Healthy snacks for kids include Fruits like apples peaches and kiwis
have,movement,Quartz watches have a quartz movement
require,lot,biathlon requires a lot of physical effort
diabete,history,cystic fibrosis Chronic Obstructive Pulmonary Disease COPD Sickle Cell Deficit Hypercholesterolaemia Diabetes Heart Failure A History of Smoking Streptococcus pneumoniae Bacteria
make,smoothie,Make a vegetable smoothie
place,cloth,Place a wet cloth in the babys mouth to soothe them
lose,control,Grillo lost control of a Chevrolet K5 Blazer
use,filter,Use a coffee filter
use,shingle,Use shingles
win,award,How many AllStar Game MVP awards has Jordan won
include,service,The wraparound plan typically includes formal services and interventions
dribble,ball,dribble the ball down court
have,function,Modern pacemakers usually have multiple functions
merge,insertion,Timsort merge sort insertion
india,unicorn,indias most famous unicorn
romaine,tomato,romaine lettuce tomatoes and olives
eat,fruit,Eat more fruits and vegetables
protect,phone,protect phone from scratches
defend,state,She defended the Malwa state against intruders
involve,subdiscipline,The study of rocks involves multiple subdisciplines including petrology and mineralogy
buy,car,You can buy a used car at the dealership
bring,stroller,You should bring a stroller
fill,glass,Fill a martini glass half way with club soda Pour in your favorite cocktail ingredients and stir to combine
visit,museum,Visit the national museum of Sweden
lose,weight,to lose weight
take,breath,Take some deep breaths
have,ball,If you have 13 identical balls that weigh the same and out of them one is an odd ball weighing less or more The answer 13
keep,liter,always keep 250 liters of water in their truck
need,soil,To grow tomatoes in your back yard you will need a soil that drains well
use,book,You can use a book to find information about the world around you
feature,reactionless,it features a reactionless tightening
keep,notebook,Keep a notebook with you at all times
establish,college,established a technical college
have,lot,it has a lot to offer
place,spaghetti,Place the spaghetti in a large pot and cover with water Bring to boil then simmer until al dente
have,talent,They have a natural talent for athletics
set,rate,The Federal Reserve sets interest rates
learn,algorithm,learning algorithms by providing training data11
make,pizza,To make a pizza you first need to prepare the dough You can do this by hand or with an electric mixer and your favorite toppings such as pepperoni
chew,toy,chew toy
make,barrel,Make a rain barrel
use,map,Use a map to navigate through the forest
make,deal,On the Shark Tank episode originally airing in October 2012 Lori Greiner made a 20 equity stake deal with Krause for 200000
start,game,Her senior year she started all 21 games
rose,carnation,lilies roses carnations daisies
purchase,pair,Purchase a new pair of shoes
make,list,Make a list of people you want to make friends with
bake,soda,Baking soda is a chemical compound that reacts with water to produce carbon dioxide
need,block,Youll need a block of paper
amass,evidence,Justice Department and FBI investigators have amassed new evidence indicating possible obstruction by former President Donald Trump in the probe into classified documents found at his Florida estate
have,list,You should have a list of all the items you need to buy every week
have,population,they have a larger population
use,snorkel,Use a snorkel to remove the mask from your face
take,shower,Take a hot shower
buy,bike,Buy a bike that you feel comfortable riding
use,brake,Use the brakes
drink,glass,Drink a glass of water before bed
capture,championship,In 1989 Kawasaki captures its first National MX championship on a
convert,sunlight,They convert sunlight into electricity
weigh,kg,Males weigh 2057 kg
have,chlorophyll,they have chlorophyll
make,list,Make a list of all the things you want to do
place,slice,Place a slice of bread on the grill and cook it over mediumhigh heat
have,government,The United States has separate federal state and local governments with taxes imposed at each of these levels
support,underdog,Why do you support the underdog in sports
claim,primacy,The Archbishop of Braga in Portugal has claimed this primacy over the whole Iberian Peninsula
reduce,latency,You can reduce the latency of your API by using a proxy server
clean,outside,to clean the outside of your house
assume,presidency,Theodore Roosevelt assumed the presidency at age 42
analyze,datum,scientists can analyze complex biological big data to find novel associations
take,list,Take a shopping list and write down what you want to buy
place,pomegranate,Place the pomegranate in an airtight container
launch,campaign,launching the Think different campaign
have,melody,award winning songs have a melody
eat,diet,Eat a diet rich in fruits and vegetables
replace,human,robots can replace humans
drink,glass,Drink a glass of water before going to bed
destroy,world,Will artificial intelligence destroy the world
pull,star,gravity pulls the star down
put,treat,put a treat in their food bowl
defend,client,defends clients in court
cause,cancer,Ionizing radiation can cause cancer
burn,cent,He burned an estimated 90 per cent of his total work
place,pasta,Place the pasta in a large bowl and cover with cold water
see,system,October and November see lowpressure systems
have,receptor,they have olfactory receptors
lose,friend,i lost my best friend
impact,human,The effects of climate change are impacting humans everywhere in the world
remove,display,In 2021 YouTube removed public display of dislike counts on videos
slap,shot,slap shot
find,way,Find a way out of the maze
take,trip,Take a trip to the beach
take,bath,take a hot bath
estimate,beginning,Muslims can usually estimate the beginning
regulate,ph,kidneys can regulate the plasma pH
commemorate,independence,to commemorate the independence of Texas
record,person,Recording a persons last words
learn,thing,to learn new things
find,person,Find a person who is interested in you
share,response,Can you share a response of politely informing the customer that we dont support
use,mirror,use a magic mirror
have,button,I have a belly button
keep,mind,Playing a musical instrument can keep the mind sharp
have,homework,I dont have the homework to turn in
have,variety,Singapore has a wide variety of food to choose from
place,breast,Place the chicken breasts in a ziploc bag and freeze for up to 3 days
turn,computer,Turn the computer off and unplug it
use,mop,Use a wet mop
get,gun,annie get your gun
sell,record,Madonna has sold over 300 million records worldwide She is the bestselling female recording artist of all time with a record 11 consecutive years earning more than 15 billion in revenue from her concert tours and merchandise sales alone
take,class,To learn how to skateboard you can take a class at your local community college
have,break,Schools and universities typically have a summer break
take,factor,The index does not take into account several factors such as the net wealth per capita
prevent,driving,speed limit prevents dangerous driving
take,walk,Take a walk in the woods
have,expectancy,Singaporeans had the longest life expectancy of any country
place,potato,Place the potato in a roasting pan cover with foil and bake at 400 degrees for 1 hour
build,model,Build your own language model
prevent,abuse,To prevent abuse of LLMs it is important to make sure that students are not enrolled in unsuitable courses
use,pair,Use a pair of tongs
injure,knee,He may have injured his knee
eat,zombie,eat the zombies
have,foundation,Apache Spark has its architectural foundation in the resilient distributed dataset RDD
play,match,failure to play their semifinal match
slap,shot,slap shot
have,penchant,had a penchant for literature
decorate,cake,Decorate a cake
use,calendar,Use a calendar to keep track of your meetings
use,towel,Use a paper towel to dry it off
hold,camp,The Patriots hold training camp and practices just outside of Gillette Stadium in Foxborough
involve,pattern,it still involves active brain patterns
reduce,fat,To reduce the fat and keep you in good shape drink more water
decrease,risk,It can also decrease the risk of coronary heart disease
remove,impurity,removes impurities from water
arrange,desk,You can arrange a desk in any way you want
clean,coffee,clean the spilled coffee with a paper towel
drink,glass,Drink a glass of water
organize,meeting,Organize your meetings in groups of two or three
have,lot,when you have a lot of stuff to talk about
have,sugar,have sugar added in the drying process
have,lot,West Bengal has a lot to offer
replace,human,robots will replace humans in the near future
use,lawnmower,using a lawnmower
buy,ticket,Buy a lottery ticket
take,nap,Take a nap
build,mass,Strength training builds muscle mass and increases stamina
cofounde,nfwa,Cesar Chavez cofounded the National Farm Workers Association NFWA along with Dolores Huerta
have,experience,Microsoft Office users moving to Google Docs have had a positive experience
develop,symptom,a third of people who are infected do not develop noticeable symptoms
mix,cup,To prepare without baking dessert recipe  Banana Pudding mix 1 cup chopped banana with 2 tablespoons sugar
use,sandpaper,Use sandpaper to smooth out any rough edges
manage,market,The MAS manages the SGD market by intervening in other markets It does this via its foreign exchange mechanism which it has been doing since 1981
sell,stock,selling stocks short is a high risk investment technique
choose,phone,Choose a phone that you like
remove,particle,It removes food particles from your teeth
resurrect,person,resurrect dead person
reduce,risk,It reduces the risk of heart disease
accept,change,accept the change
